{
  "project_info": {
    "project_number": "427898847795",
    "firebase_url": "https://mysport-494e0.firebaseio.com",
    "project_id": "mysport-494e0",
    "storage_bucket": "mysport-494e0.appspot.com"
  },
  "client": [
    {
      "client_info": {
        "mobilesdk_app_id": "1:427898847795:android:a7bda41ad6d932c8239946",
        "android_client_info": {
          "package_name": "com.example.mysportApp"
        }
      },
      "oauth_client": [
        {
          "client_id": "427898847795-pc26k6gqi640ai10hkhjjoh6f55jrr66.apps.googleusercontent.com",
          "client_type": 1,
          "android_info": {
            "package_name": "com.example.mysportApp",
            "certificate_hash": "7cc5b65a038ef044b8d79042ecd2dad871b83c07"
          }
        },
        {
          "client_id": "427898847795-gi1ki5dlrg13lubfqviepu48f0e0h7aa.apps.googleusercontent.com",
          "client_type": 3
        }
      ],
      "api_key": [
        {
          "current_key": "AIzaSyB4ON0qpOp0h2OHTaX4Ilqjy2pVLZQH_b8"
        }
      ],
      "services": {
        "appinvite_service": {
          "other_platform_oauth_client": [
            {
              "client_id": "427898847795-gi1ki5dlrg13lubfqviepu48f0e0h7aa.apps.googleusercontent.com",
              "client_type": 3
            }
          ]
        }
      }
    },
    {
      "client_info": {
        "mobilesdk_app_id": "1:427898847795:android:c177f8fae9f4ee34239946",
        "android_client_info": {
          "package_name": "com.nawfaz.mysport"
        }
      },
      "oauth_client": [
        {
          "client_id": "427898847795-gi1ki5dlrg13lubfqviepu48f0e0h7aa.apps.googleusercontent.com",
          "client_type": 3
        }
      ],
      "api_key": [
        {
          "current_key": "AIzaSyB4ON0qpOp0h2OHTaX4Ilqjy2pVLZQH_b8"
        }
      ],
      "services": {
        "appinvite_service": {
          "other_platform_oauth_client": [
            {
              "client_id": "427898847795-gi1ki5dlrg13lubfqviepu48f0e0h7aa.apps.googleusercontent.com",
              "client_type": 3
            }
          ]
        }
      }
    }
  ],
  "configuration_version": "1"
}